{
    "intents": [
        {
            "tag": "greeting",
            "patterns": [
                "Hi",
                "Hey",
                "How are you",
                "Is anyone there?",
                "Hello",
                "Good day"
            ],
            "responses": [
                "Hello!",
                "Hi!",
                "Greetings!",
                "How can I help?"
            ]
        },
        {
            "tag": "goodbye",
            "patterns": [
                "Bye",
                "See you later",
                "Goodbye"
            ],
            "responses": [
                "Goodbye!",
                "See you later!",
                "Have a great day!"
            ]
        },
        {
            "tag": "thanks",
            "patterns": [
                "Thanks",
                "Thank you",
                "That's helpful"
            ],
            "responses": [
                "Happy to help!",
                "Any time!",
                "My pleasure"
            ]
        },
        {
            "tag": "noanswer",
            "patterns": [],
            "responses": [
                "Sorry, I don't understand that."
            ]
        }
    ]
}